{
  "version": "1.0",
  "tasks": [
    {
      "taskType": "trigger",
      "capabilityId": "IssueResponder",
      "subCapability": "IssuesOnlyResponder",
      "version": "1.0",
      "config": {
        "taskName": "Add needs triage label to new issues",
        "conditions": {
          "operator": "and",
          "operands": [
            {
              "name": "isAction",
              "parameters": {
                "action": "opened"
              }
            },
            {
              "operator": "not",
              "operands": [
                {
                  "name": "isPartOfProject",
                  "parameters": {}
                }
              ]
            },
            {
              "operator": "not",
              "operands": [
                {
                  "name": "isAssignedToSomeone",
                  "parameters": {}
                }
              ]
            }
          ]
        },
        "actions": [
          {
            "name": "addLabel",
            "parameters": {
              "label": "Needs: Triage :mag:"
            }
          }
        ],
        "eventType": "issue",
        "eventNames": [
          "issues",
          "project_card"
        ]
      },
      "id": "gEuS61IET",
      "disabled": false
    },
    {
      "taskType": "scheduled",
      "capabilityId": "ScheduledSearch",
      "subCapability": "ScheduledSearch",
      "version": "1.1",
      "config": {
        "taskName": "Close duplicate issues",
        "frequency": [
          {
            "weekDay": 0,
            "hours": [
              2,
              5,
              8,
              11,
              14,
              17,
              20,
              23
            ],
            "timezoneOffset": -8
          },
          {
            "weekDay": 1,
            "hours": [
              2,
              5,
              8,
              11,
              14,
              17,
              20,
              23
            ],
            "timezoneOffset": -8
          },
          {
            "weekDay": 2,
            "hours": [
              2,
              5,
              8,
              11,
              14,
              17,
              20,
              23
            ],
            "timezoneOffset": -8
          },
          {
            "weekDay": 3,
            "hours": [
              2,
              5,
              8,
              11,
              14,
              17,
              20,
              23
            ],
            "timezoneOffset": -8
          },
          {
            "weekDay": 4,
            "hours": [
              2,
              5,
              8,
              11,
              14,
              17,
              20,
              23
            ],
            "timezoneOffset": -8
          },
          {
            "weekDay": 5,
            "hours": [
              2,
              5,
              8,
              11,
              14,
              17,
              20,
              23
            ],
            "timezoneOffset": -8
          },
          {
            "weekDay": 6,
            "hours": [
              2,
              5,
              8,
              11,
              14,
              17,
              20,
              23
            ],
            "timezoneOffset": -8
          }
        ],
        "searchTerms": [
          {
            "name": "isIssue",
            "parameters": {}
          },
          {
            "name": "isOpen",
            "parameters": {}
          },
          {
            "name": "hasLabel",
            "parameters": {
              "label": "Resolution - Duplicate"
            }
          },
          {
            "name": "noActivitySince",
            "parameters": {
              "days": 1
            }
          }
        ],
        "actions": [
          {
            "name": "addReply",
            "parameters": {
              "comment": "This issue has been marked as duplicate and has not had any activity for **1 day**. It will be closed for housekeeping purposes."
            }
          },
          {
            "name": "closeIssue",
            "parameters": {}
          }
        ]
      },
      "id": "exOradLcY",
      "disabled": false
    },
    {
      "taskType": "scheduled",
      "capabilityId": "ScheduledSearch",
      "subCapability": "ScheduledSearch",
      "version": "1.1",
      "id": "Mx1BeKlyM",
      "config": {
        "frequency": [
          {
            "weekDay": 0,
            "hours": [
              0,
              6,
              12,
              18
            ]
          },
          {
            "weekDay": 1,
            "hours": [
              0,
              6,
              12,
              18
            ]
          },
          {
            "weekDay": 2,
            "hours": [
              0,
              6,
              12,
              18
            ]
          },
          {
            "weekDay": 3,
            "hours": [
              0,
              6,
              12,
              18
            ]
          },
          {
            "weekDay": 4,
            "hours": [
              0,
              6,
              12,
              18
            ]
          },
          {
            "weekDay": 5,
            "hours": [
              0,
              6,
              12,
              18
            ]
          },
          {
            "weekDay": 6,
            "hours": [
              0,
              6,
              12,
              18
            ]
          }
        ],
        "searchTerms": [
          {
            "name": "isOpen",
            "parameters": {}
          },
          {
            "name": "hasLabel",
            "parameters": {
              "label": "Resolution - Answered"
            }
          },
          {
            "name": "noActivitySince",
            "parameters": {
              "days": 7
            }
          }
        ],
        "actions": [
          {
            "name": "closeIssue",
            "parameters": {}
          }
        ],
        "taskName": "Close Answered Issues"
      }
    },
    {
      "taskType": "scheduled",
      "capabilityId": "ScheduledSearch",
      "subCapability": "ScheduledSearch",
      "version": "1.1",
      "id": "-3BK34t2l",
      "config": {
        "frequency": [
          {
            "weekDay": 0,
            "hours": [
              0,
              6,
              12,
              18
            ]
          },
          {
            "weekDay": 1,
            "hours": [
              0,
              6,
              12,
              18
            ]
          },
          {
            "weekDay": 2,
            "hours": [
              0,
              6,
              12,
              18
            ]
          },
          {
            "weekDay": 3,
            "hours": [
              0,
              6,
              12,
              18
            ]
          },
          {
            "weekDay": 4,
            "hours": [
              0,
              6,
              12,
              18
            ]
          },
          {
            "weekDay": 5,
            "hours": [
              0,
              6,
              12,
              18
            ]
          },
          {
            "weekDay": 6,
            "hours": [
              0,
              6,
              12,
              18
            ]
          }
        ],
        "searchTerms": [
          {
            "name": "isOpen",
            "parameters": {}
          },
          {
            "name": "hasLabel",
            "parameters": {
              "label": "Resolution - External"
            }
          },
          {
            "name": "noActivitySince",
            "parameters": {
              "days": 7
            }
          }
        ],
        "taskName": "Close External Issues",
        "actions": [
          {
            "name": "closeIssue",
            "parameters": {}
          }
        ]
      }
    },
    {
      "taskType": "scheduled",
      "capabilityId": "ScheduledSearch",
      "subCapability": "ScheduledSearch",
      "version": "1.1",
      "id": "HJ_mnzjns",
      "config": {
        "frequency": [
          {
            "weekDay": 0,
            "hours": [
              0,
              6,
              12,
              18
            ]
          },
          {
            "weekDay": 1,
            "hours": [
              0,
              6,
              12,
              18
            ]
          },
          {
            "weekDay": 2,
            "hours": [
              0,
              6,
              12,
              18
            ]
          },
          {
            "weekDay": 3,
            "hours": [
              0,
              6,
              12,
              18
            ]
          },
          {
            "weekDay": 4,
            "hours": [
              0,
              6,
              12,
              18
            ]
          },
          {
            "weekDay": 5,
            "hours": [
              0,
              6,
              12,
              18
            ]
          },
          {
            "weekDay": 6,
            "hours": [
              0,
              6,
              12,
              18
            ]
          }
        ],
        "searchTerms": [
          {
            "name": "isOpen",
            "parameters": {}
          },
          {
            "name": "hasLabel",
            "parameters": {
              "label": "Resolution - Fixed"
            }
          },
          {
            "name": "noActivitySince",
            "parameters": {
              "days": 7
            }
          }
        ],
        "taskName": "Close Fixed Issues",
        "actions": [
          {
            "name": "closeIssue",
            "parameters": {}
          }
        ]
      }
    },
    {
      "taskType": "scheduled",
      "capabilityId": "ScheduledSearch",
      "subCapability": "ScheduledSearch",
      "version": "1.1",
      "id": "UXVP56PHc",
      "config": {
        "frequency": [
          {
            "weekDay": 0,
            "hours": [
              0,
              6,
              12,
              18
            ]
          },
          {
            "weekDay": 1,
            "hours": [
              0,
              6,
              12,
              18
            ]
          },
          {
            "weekDay": 2,
            "hours": [
              0,
              6,
              12,
              18
            ]
          },
          {
            "weekDay": 3,
            "hours": [
              0,
              6,
              12,
              18
            ]
          },
          {
            "weekDay": 4,
            "hours": [
              0,
              6,
              12,
              18
            ]
          },
          {
            "weekDay": 5,
            "hours": [
              0,
              6,
              12,
              18
            ]
          },
          {
            "weekDay": 6,
            "hours": [
              0,
              6,
              12,
              18
            ]
          }
        ],
        "searchTerms": [
          {
            "name": "isOpen",
            "parameters": {}
          },
          {
            "name": "hasLabel",
            "parameters": {
              "label": "Resolution - Won't Fix"
            }
          },
          {
            "name": "noActivitySince",
            "parameters": {
              "days": 7
            }
          }
        ],
        "taskName": "Close Wont Fix",
        "actions": [
          {
            "name": "closeIssue",
            "parameters": {}
          }
        ]
      }
    },
    {
      "taskType": "scheduled",
      "capabilityId": "ScheduledSearch",
      "subCapability": "ScheduledSearch",
      "version": "1.1",
      "id": "eklMZQWVo",
      "config": {
        "frequency": [
          {
            "weekDay": 0,
            "hours": [
              0,
              6,
              12,
              18
            ]
          },
          {
            "weekDay": 1,
            "hours": [
              0,
              6,
              12,
              18
            ]
          },
          {
            "weekDay": 2,
            "hours": [
              0,
              6,
              12,
              18
            ]
          },
          {
            "weekDay": 3,
            "hours": [
              0,
              6,
              12,
              18
            ]
          },
          {
            "weekDay": 4,
            "hours": [
              0,
              6,
              12,
              18
            ]
          },
          {
            "weekDay": 5,
            "hours": [
              0,
              6,
              12,
              18
            ]
          },
          {
            "weekDay": 6,
            "hours": [
              0,
              6,
              12,
              18
            ]
          }
        ],
        "searchTerms": [
          {
            "name": "isOpen",
            "parameters": {}
          },
          {
            "name": "hasLabel",
            "parameters": {
              "label": "Need Repro Info"
            }
          },
          {
            "name": "noActivitySince",
            "parameters": {
              "days": 14
            }
          },
          {
            "name": "noLabel",
            "parameters": {
              "label": "Issue - Bug"
            }
          }
        ],
        "taskName": "Close Stale Issues ",
        "actions": [
          {
            "name": "addReply",
            "parameters": {
              "comment": "Closing due to inactivity"
            }
          },
          {
            "name": "closeIssue",
            "parameters": {}
          }
        ]
      }
    }
  ],
  "userGroups": []
}
